Measured Pitot,Rotations per second
2.41,2.385
2.11,1.59
1.07,0.5690877425
1.04,0.8333333333
1.49,0.9615384615
1.5,1.099808586
4.22,4.305
7.26,7.52
10.3,10.78